id,dni,nombre,apellido,matricula,telefono,email,habilitado
1,325,Ivy,Morris,109551,(564)-191-7530,ivy.morris@example.com,True
2,325,Maude,Gonzalez,665820,075 934 30 28,maude.gonzalez@example.com,True
3,325,Emilia,Maki,833411,03-462-253,emilia.maki@example.com,True
4,325,Baptiste,Lacroix,393180,075 473 36 53,baptiste.lacroix@example.com,True
5,325,Prathiksha,Banerjee,421982,8991553116,prathiksha.banerjee@example.com,True
6,325,Richard,Garcia,251605,079 322 04 15,richard.garcia@example.com,True
7,325,Rahaf,Helgheim,880069,68175713,rahaf.helgheim@example.com,True
8,325,Ella,Gregory,097533,(509) 616-8722,ella.gregory@example.com,True
9,325,Gül,Abadan,609020,(953)-938-7505,gul.abadan@example.com,True
10,325,Inés,Bahena,966475,(615) 705 0335,ines.bahena@example.com,True
