id,dni,nombre,apellido,telefono,email,direccion_calle,direccion_numero
1,,آرش,موسوی,026-44405556,arsh.mwswy@example.com,آذربایجان,3887
2,,Maddison,Wright,(692)-115-9965,maddison.wright@example.com,Prince Albert Road,7495
3,,یاسمین,کریمی,049-79308435,ysmyn.khrymy@example.com,پارک طالقانی,2762
4,597.911.030-45,Francisco de Sales,Pires,(23) 5474-0631,franciscodesales.pires@example.com,Rua Dois,529
5,,Koray,Kocabıyık,(979)-577-9307,koray.kocabiyik@example.com,Necatibey Cd,2710
